[ {
  "name" : "PennAveIAM",
  "category" : "custom",
  "type" : "{AES}juKYOFrsGR2Q97rZBRMpF+oak3/|xzGnzw7+LX4T0XuPKzo5peVmWmzjnRmsLpZDo3QMZRFD/",
  "createdOn" : 1746837655.195000000,
  "active" : true,
  "readOnly" : false,
  "description" : null,
  "defaultSchema" : "pennaveiam",
  "addedSchemas" : null,
  "groupId" : null,
  "customProps" : {
    "password" : "{AES}CRcTC6AQUyE59x6kuSNJt+v8mXov/2k6L5Jv0f/WejE9nAn|k9nO3q+bYpkZAz81JBDmfxW3/",
    "meta-name" : "{AES}MjsPHdPRWUNr1/HLJ+wTjPtoReQT|XHDlLwalo5wpAMh9LG082Lwh+sm5dS/eDAehIvVoekb/",
    "readonly" : "{AES}|6VAey0SPFOlDQ4mqnW91G2H7zzlw53hJ6ku5zbGXRU+mR9iBblOrhATUXqVCQffpB8/8DHD/",
    "datasource" : "{AES}vMlIaUb1b|Yxqat9YgT+jLnaAnbb3EazNFwJzj1SPR1M5ciL6BSpCdC64FlOsL1b1K8oqFG//",
    "host" : "{AES}lQ|Gg3SBTjYWtnPGhoQnDhNOMdzEUJSKD3tEeMqSS23ycrAMgBnHeKKWAP0C1d6vERs/m+6yvp9kLEZEolAfh8f6lSZx+/w==",
    "username" : "{AES}1oQmoURdf1V94TOPcy9OGh8ekhtThTQTdC6T3twqUuxmmBeoUweYJGFJuoXZ|x8is0+A3TVX/"
  },
  "onPremHost" : null,
  "onPremPort" : null
} ]